participant_id,uuid,mw_label
p1,7d4c48a6-7ad0-474e-ad1f-339039f5f9f9,NonMW
p1,a2256056-5075-48c4-aae6-ce12d88d8dea,NonMW
p1,670ca58f-4c15-4241-a846-a17f83ed624f,NonMW
p1,9c771586-16d0-4532-a8db-d8e367bad348,NonMW
p1,0ce1385c-f968-43f8-ac15-f430ad1e339a,NonMW
p1,3cb141cb-528e-4ca1-8a2e-320659fa7aaf,NonMW
p1,87be05c5-bac8-42d8-9b90-afa9d64a3add,NonMW
p1,7e6064c1-9849-4397-bfb5-8af6bde95596,NonMW
p1,bac545da-1d1b-4c61-ac52-b99c5aaee45a,NonMW
p1,84fdc7c7-5ad1-4b45-8133-38b978b2ac89,NonMW
p1,3a4c36d5-31ec-4d1f-b721-70db2ecc5dcb,NonMW
p1,1be53572-7bd7-4b56-aade-cd0e903db465,NonMW
p1,d05dea33-7a26-465d-9d8a-80679bed8c41,MW
p1,b835c973-a45a-4bf2-b015-b6a3f45d889f,NonMW
p1,f6c3bade-77dc-43d0-8de5-53f93155aa8d,NonMW
p3,7a41fe73-9139-4e00-b197-d9f4e76f7c16,NonMW
p3,d8c5b18b-d5ea-4c23-839d-cbd946a15381,MW
p3,f5457235-5594-49cd-a80c-cd482846b0b2,MW
p3,724580a4-5551-417a-ba48-ce4c6a7a05ce,NonMW
p3,3cdbcfb4-dde8-46de-badc-ca26c35de73a,NonMW
p3,eeadeebd-949f-40be-b643-208dde64d4b1,MW
p3,99dc12ab-6bcc-4e70-8be6-7b03997f8f1a,NonMW
p3,0beaa18f-03ba-4543-9cd7-e0beec58a18d,MW
p3,1577137c-c2f1-4ec8-9fae-3acad09c8d81,NonMW
p3,fbdf9c32-11e9-4c9c-af73-c0a73d4413e4,MW
p3,e87a8a29-3ed8-4259-97cf-d9afe5881b34,MW
p4,5aed95d6-0a2b-46aa-9136-b8e0a7428b5d,NonMW
p4,ca48f593-f4b1-405c-9c88-bbff32c5fa9b,MW
p4,f573d625-1006-4b79-b21a-95832cc08dc2,NonMW
p4,182db6b8-fa12-4d5f-a2c9-073b50a2909e,NonMW
p4,42502a88-a16a-4f1d-b8ce-37d218db7f55,NonMW
p4,83515776-1a1c-4865-aa3e-ae3ccb19b150,NonMW
p4,4015ec67-2157-4168-bf21-113adfeb798f,NonMW
p4,e64fa715-3c9a-4f3a-8b05-506a063206f8,NonMW
p4,dc6aa992-78ef-4472-8682-79082eadf760,NonMW
p4,2995a7c8-535c-48db-988d-247e3f17ae2d,NonMW
p4,1ebc4aa0-c3dd-4a5b-8eb8-2f93dbdbe897,NonMW
p4,073efc9f-40ee-4b34-a0ba-63fdd858647a,NonMW
p4,4b425c5b-58f0-4dfc-ab05-880e267bb00b,NonMW
p4,fea8ad1b-872b-4c1b-bc2a-3ffdded23c33,MW
p4,f2692696-a093-44ee-85b1-af24779a809a,NonMW
p5,0647545f-02a9-491a-863c-cea257079ad4,NonMW
p5,8e90a961-2350-479e-94f9-fceeb5018bf5,MW
p5,542f9677-d14a-454a-9fb9-c8083cbe441b,NonMW
p5,5cf98e1d-f5e8-44a7-b8d2-32cd46ed946a,MW
p5,ae97db25-2805-4d58-b5bd-66c48d18bae1,NonMW
p5,8c72418e-f3f2-43a9-9bc5-96b9bc65079c,NonMW
p5,c358eda2-2131-48f1-9df8-ffd3bcbc6d92,NonMW
p5,c0854476-952f-4573-9285-e24945114567,NonMW
p5,c3741a04-a815-4e07-aea7-8e03097f1db2,NonMW
p5,e5764a0f-8f30-4fcc-8c2b-5d7f1034f07c,NonMW
p5,dea4003f-156d-421b-9831-5257f2a95444,NonMW
p5,cc356694-e0c5-4be1-8590-bf82257e21d1,MW
p5,50fa50b1-9ce0-4c0c-a546-f58422991fb3,NonMW
p7,c77b58e7-955f-4f05-85fe-dbd8ef8d959d,NonMW
p7,4023f1d6-d80d-4266-a475-1bbfe3a5875e,MW
p7,d54e630d-711e-4ef7-8ca9-d6290470ec49,NonMW
p7,4a017bd0-6bb5-4afe-a3cd-6c1ffe4e4bc6,MW
p7,dea44070-74fe-413a-868d-32a14b3c6022,NonMW
p7,a6da507b-0aa0-4ffd-8cde-f2f9130ba198,NonMW
p7,5ce267df-4ed7-4316-b3f4-0f69759bd0b8,NonMW
p7,4b0c4827-dbdf-4214-ba83-70c459933a13,MW
p7,bb972f27-f449-43c1-a43d-96b711ab4ac6,MW
p7,e6650477-e2d8-47d1-b4df-2955e4c075df,NonMW
p8,2c7d51b0-804e-4fe0-8912-3501d793db6c,NonMW
p8,14dec4c7-4c7e-4c9d-8862-3596c42cc5a5,NonMW
p8,93649d2f-d2ed-4c26-85e8-f0f2d745f9c6,NonMW
p8,e95c2aa2-5f95-465f-be7d-31e7f4d7dfce,NonMW
p8,d421b550-5600-4ac4-a332-c3ee9bce81c9,MW
p8,923be984-e639-45cd-bf40-02623d36994a,NonMW
p8,429d930e-3160-474b-9adb-b45df995719f,NonMW
p8,9298919a-c408-4fe0-9aed-fad386eae53a,NonMW
p8,b48c62fd-825a-4d2b-a52c-f300505d6c02,MW
p8,8821aa3a-d2a0-4a7a-bf0c-304f011c3343,NonMW
p8,c7ef354f-1f70-4940-88f0-cba6dba4d79c,NonMW
p8,78b234fa-90ca-4a18-9869-c4e91bbc2544,MW
p9,c958000c-efb0-466a-850c-241060a1aa5a,NonMW
p9,d44b1701-0ea2-4948-b240-460b259ec758,MW
p9,7d1cb353-4f84-4019-a163-94e8ba1adb83,MW
p9,02ac5ef6-c044-468c-aafa-3cba525ac6ac,MW
p9,d3fb88bb-197d-48a9-88e4-f0ae0ef9fed6,NonMW
p9,5583bde5-5709-4e48-bd9e-6952ccde2574,NonMW
p9,373772e4-0bf3-463b-9973-4a2e228f9854,NonMW
p9,5f464bac-41e4-4eef-8067-fbc38202db82,NonMW
p9,2a095a96-e6ca-42b8-8668-792f8d557462,MW
p9,33a910da-45e7-4d4c-8276-0ceca799bf37,NonMW
p9,d5d7a7f9-6705-4231-b834-e073fd2d6a69,MW
p9,d6eebcae-6b6f-4c71-b69d-03b981b8fb95,MW
p9,1175a0ab-67b6-45aa-94ff-c45b4950cba7,NonMW
p9,dd75a6ab-b7f0-4246-97bb-983e9a027171,NonMW
p10,d54a4ce7-25ca-4d4a-9773-1193bcb16b1e,NonMW
p10,277eb157-da41-4c3d-9124-ca752cf887cf,MW
p10,29c8dc50-5a3f-4431-bb88-f1fa8248565b,MW
p10,8e1dded2-f261-421f-9452-35329a68d085,MW
p10,111402f2-1acb-4e85-b132-5148c8f111d5,NonMW
p10,42d36d49-c268-4e56-b430-908f9eb4e174,MW
p10,335606f8-ddba-4879-9b9f-c4efadf8fcf6,NonMW
p10,cad7bba5-542b-417e-8287-a9f7d56d198a,NonMW
p10,822a6d7b-509a-4c52-a52b-9dc1205e649e,NonMW
p10,6eb3af7e-fd69-4411-9002-9a8508868da6,NonMW
p10,4acd944d-12ac-40b1-b52f-77720874c6a3,NonMW
p10,97a26045-3d09-421c-90c0-6a3d86f1b7dc,NonMW
p10,f685ad9a-9d36-4f04-bd15-1b84ef844ec5,MW
p10,6bb0dee7-6fd4-413b-ad34-68850eb32683,NonMW
p11,b32bbfcd-c80f-45f4-8697-74f32f502588,MW
p11,36e93a66-7319-4bff-b7e1-c57766bbae7a,NonMW
p11,ce497bfe-1870-4fd4-9545-4bd7bf35c04e,MW
p11,299bec45-87f0-4cbb-942e-393c881e7177,NonMW
p13,601dd02d-de46-4f7b-9095-3fc43b96f920,NonMW
p13,fa0131ad-836a-4144-9d9a-1e42a3344374,MW
p13,bd8a3924-dc9f-4d2b-bc54-0f33092823b7,MW
p13,ebb68bdd-4884-4bcd-85e7-0ae06a5567f3,MW
p13,e10430da-668b-44f2-a891-3d33f27e84ea,NonMW
p13,4ca9ae4c-5e2b-4179-8421-656ca7033c09,NonMW
p13,86ded8c0-0826-412b-bde4-53a9dce4409f,MW
p13,425b4fa2-7c1a-4ec7-a4c3-64b98c2401c0,MW
p13,0680f9d2-cbd9-465a-b4de-d28f0ddee0ae,NonMW
p13,e5a360ce-4c48-4862-8225-1a4d62771087,MW
p13,25c80eff-eb0e-4aa8-b015-e9953c2220ed,NonMW
p14,f61a0cf9-699a-4689-83b3-f6d594067a72,NonMW
p14,00ecbc4e-97fc-4f71-b15b-9947b5a69ce3,NonMW
p14,c0d32858-059e-4048-85b2-d9d1d4140d73,MW
p14,9b86632b-ae60-4aa9-b622-7fec5daac58a,NonMW
p14,44af4f7a-ad27-458f-bf68-fd92c5b72f71,NonMW
p14,3d298513-0384-4a09-97fa-8d194f61c89b,MW
p14,71292ecf-8368-4d0e-b435-174fa8cf3960,NonMW
p14,1618f2fb-5c95-41db-afea-3a5eded38a25,NonMW
p14,961b11dd-a839-49dd-bce7-834c405aca55,MW
p14,db23beea-273f-4c73-a949-87ff8f9f12b8,NonMW
p14,93d46e6e-cbcc-484d-bd8b-e0801430f029,NonMW
p15,1aa9cfcc-0627-4b2d-a77c-e85f4aee43aa,NonMW
p15,1761f5a1-83c8-4d03-9472-52d0674bc523,MW
p15,4c4e6d35-222c-490c-a23b-3050c80cc120,NonMW
p15,7576f12d-8fa8-4e38-8469-32c1c0eb4c1b,NonMW
p15,a235a42b-161d-477d-9054-45bb0153ecbf,NonMW
p15,85b5fda4-f68b-45d0-b68f-291267011f1c,NonMW
p15,434ec4e6-96f9-43be-8836-19d079ace6d6,NonMW
p15,7d9a5321-5705-437e-bc40-1308efeee115,NonMW
p15,020c1938-7bb1-469e-8c04-f4da80a515c5,NonMW
p15,487e402c-09c8-4731-875e-bd4de39cce7f,NonMW
p15,fd9b5dff-4a32-40f5-ae46-4965867170cc,NonMW
p15,6ccce03c-285d-4402-b40a-32b191c15304,NonMW
p15,03eb2f27-2787-4b17-b4af-26697c09f26e,NonMW
p15,5b615482-5b63-42d6-a6b0-67bedc68f733,MW
p15,8a799e1f-4a49-4c09-a66c-aaa75441937f,NonMW
p17,a629801b-be77-4764-9bdf-156e6f763c9f,NonMW
p17,092b35b0-bc3a-4131-b4ec-5de84b6029e8,MW
p17,8e6d06a2-7566-4171-9541-df6a8179346b,NonMW
p17,6dc9b7a5-a918-4947-8d2e-8f84863a9457,MW
p17,c1ae4ac0-1d1c-43df-b13e-dcb725ba559f,MW
p17,13bb13b4-736e-4e1c-8408-2cfc77d37987,MW
p17,4e6c38c5-3da0-4a4e-a99b-d8c82a6c2a16,MW
p17,218c1dc9-e2d4-4efb-b47d-85355714bf09,MW
p17,84ac5678-4b6b-46d8-9a0e-f67bc9a93425,NonMW
p17,d0ed7845-2914-41d4-abdc-249d9982e125,NonMW
p17,416fb318-3187-4084-b747-fc7a2aca6920,MW
p17,0d38bb70-6ca1-47fd-a9b9-a5e77894c693,MW
p17,14ab9062-0af2-45a7-be53-629c0ce2271d,MW
p17,3dbd2b13-6ccb-41b0-9e77-ef1e5155c29e,NonMW
p17,1ff2d0b5-7445-498c-8dd0-e26bfd0cc020,NonMW
p18,7124e03d-bbe6-4f79-9677-b68f4f0fd23f,MW
p18,df7a4838-2c3a-462b-8017-7cee7695fedf,MW
p18,5085926d-32d9-422a-b06b-b7c4f98cb5eb,MW
p18,68279c41-8bc8-4758-8253-0a46503b1303,MW
p18,f08982f9-d785-4a58-8d23-17d312f6380e,MW
p18,d58b438f-e259-4cf4-9e0b-dbd469bec6ef,NonMW
p18,b66bc21c-95c4-47f5-baed-bfea76e61495,NonMW
p18,5cd436b5-996c-4b06-9bf7-5aba1a67a759,MW
p18,28e29e9e-3f0c-429f-8d64-f996214e8c9e,MW
p18,9913ff3c-2879-4547-a9e3-634a7a251ab4,MW
p18,941ba505-8869-4d6f-9c0f-9b9b44a86276,MW
p19,df82a833-fc9b-4eab-bec8-bee4cd4a8bff,NonMW
p19,5a4a7e5d-fb08-425d-803a-314167f1dd8c,MW
p19,70a9801a-804b-4d5e-a058-a828ec9e460b,NonMW
p19,f1c79641-65ff-4f93-9a66-09495e91014f,MW
p19,acd3b974-77f7-41b4-95c2-2fd6413242b9,NonMW
p19,f666771b-657e-4166-8385-34e333882c78,NonMW
p19,20b03477-a5b4-4825-945f-4ac23563d8e5,NonMW
p19,0737c170-75c4-4263-870c-de41450c84f1,NonMW
p19,947feb44-648c-46f1-b751-e3ddce89618c,NonMW
p19,80f966d1-0f93-4639-9a81-671713c26d16,MW
p19,82af27a8-bb31-4fce-b057-f9d0cb190284,MW
p19,4342b47c-e0f8-4120-b572-73f8f72fb982,MW
p19,d1b5789c-060a-4b6c-9c07-e01f5c741af9,MW
p19,27443d10-c30e-4e96-bfa9-18057503c647,MW
p19,f0a85e9c-5546-419f-aada-d90fdd0ac7b2,NonMW
p20,f6884a11-9e9f-4178-b127-64e9c46dbba4,NonMW
p20,e18a2329-c95c-40c1-a895-164744e7c7f6,MW
p20,032737c6-418b-4bbb-9f65-76a6917d06c8,NonMW
p20,a3da3567-c30e-40bf-9d38-be62487c8143,NonMW
p20,152938a4-0a7e-4715-a105-b2e893ececda,NonMW
p20,2f5de19a-2e0e-472b-8b0e-9e99f3ba77e2,MW
p20,ad7e1272-1a16-4110-ab90-b5d71c2585dd,NonMW
p20,d081c93b-dbcf-4fc3-a3bc-dd98a1afbb59,NonMW
p20,702cd798-bd6a-4053-9ac1-7632586c6729,MW
p20,4a224d31-1f3d-40cb-85aa-1f686c32c3f1,NonMW
p20,f5304e1b-688e-46cf-a0b0-795a9f588198,NonMW
p20,a5997c63-5e36-4dc7-b8be-4943eba2f6ff,MW
p20,66021763-24c8-413e-a09a-7f36818bfb93,NonMW
p20,4ee8ca1a-5c3b-400d-8973-a52eb71b1f37,NonMW
p21,a9656d60-e0eb-434a-bc52-863d4dfd3d3b,NonMW
p21,74ae17c4-7951-4732-97aa-47a109bb7d88,NonMW
p21,80332bfd-6a22-48a6-bcb4-58fa69c103e9,MW
p21,3049912f-5328-43ac-ba8b-b58745a0a321,NonMW
p21,5eb7f793-7b29-460f-beb1-d7bfefe74158,NonMW
p21,d25e2c29-b4b7-4731-b1a3-813ad1ca29c7,MW
p21,07610111-1eae-4810-9a08-8b0a2b9c7c97,NonMW
p21,0a08e8d0-0452-4b67-8ae4-7cc1e4072171,NonMW
p21,5612692a-7d6e-431d-adae-51454b980324,NonMW
p21,f8014fdb-63d5-4fe1-9df1-fd18d60b6520,NonMW
p21,cdd00bc4-f389-4a55-9004-10826b51a3cd,MW
p21,0709a206-407c-4527-99c5-3872084eaf40,NonMW
p21,4445fa80-432a-4cb1-b1b1-0125aa13a7eb,MW
p21,bfc514c9-98e9-4b33-9d58-2226c4e8cf6d,MW
p21,68d2f6a0-9c15-44f2-a01c-6bdc28ce0eb1,MW
p22,97e8f8f5-a681-48e6-9997-60681a51478e,MW
p22,9c01ae1c-adfb-4686-9763-3354bb6c4e2f,MW
p22,5f7a4a1d-b35d-4ed4-bcf9-7d75dcaddb71,NonMW
p22,3f5b45be-2829-4f04-b318-ba6ba4b515bf,MW
p22,685b4999-197e-48ac-844c-066f93d5d47d,NonMW
p22,60648ebc-1141-4548-8b47-19b03f6786fb,MW
p22,38679aa3-efc6-49a4-ab68-7c6f5aae80f7,MW
p22,95f806f2-55f2-484c-b61a-2d9d7eff7b8a,NonMW
p22,073cbafd-7766-4626-b8df-0d20558076bd,NonMW
p22,1803a3e3-c806-45af-873c-31a688932370,NonMW
p22,2d2af26c-7e29-4e18-9f52-49be8cdf9dc6,MW
p22,16eaf572-3d50-4c4b-949c-3c5f9a85efc4,NonMW
p22,55644493-c1bb-47fa-b541-e3405266cc36,MW
p22,d330dad7-bc5b-4679-85a4-274ac0002311,NonMW
p22,25da5d89-a167-420e-bf37-de381df18edb,NonMW
p23,486bca3e-d750-496c-9344-74112cd5b335,NonMW
p23,50911d4a-307d-40d5-9567-4a09e4b3aa62,MW
p23,d6ccc32d-0ae5-4989-9e1f-3fbd6d216636,MW
p23,385b671a-8898-4cda-a4e3-5a3dc4a31665,MW
p23,20d1074c-2e3a-48c2-b579-7b7b9452d380,MW
p23,e824b8d2-dc2d-4cea-965e-4bbfe729f9bf,MW
p23,de2d1403-718a-45cc-b305-ea0eb3c79c8d,MW
p23,10b0f3e1-30de-47fd-91c1-6b2d637d19ab,NonMW
p23,37489599-d158-43da-9edc-a391815ec8ef,NonMW
p23,ede8cb4d-1966-42ee-83db-8a05aa8a9c5f,MW
p23,27a9c8e9-cce3-41ba-b472-0e4e2345c386,MW
p23,7e7e1718-be09-4bd8-840a-c3d759134e83,NonMW
p23,7096b40a-d530-4b8c-8301-46fbd935c57b,MW
p23,51369be2-a5ab-474a-9c67-0dcb85072303,NonMW
p23,64d65080-601b-475a-b53f-4b644da329be,NonMW
p24,7cff549f-e7c3-46b4-a68a-e6e3b69d1db6,NonMW
p24,8cfa3ee8-2894-48f8-9651-7c7357e59fa7,NonMW
p24,ec750360-f9cc-4939-8864-27fe8ebeb34c,NonMW
p24,dacf9b47-cb0c-46ff-b000-977f7c233600,NonMW
p24,f96b792f-0805-4eec-8f12-2e5ba9224af5,NonMW
p24,1affe3ef-37bb-46a8-a4d3-d7f01550ec77,NonMW
p24,710d32a1-4451-4c08-91d8-a77ff0aa9a41,NonMW
p24,5a660928-713c-4bf7-85e8-4de7b0e9d201,NonMW
p24,edb19bbf-52a0-45bd-8409-ac2f9dfc5832,NonMW
p24,c68d98cc-e861-4909-81fc-8ab3e1f390d2,NonMW
p24,11a9e1af-3ce0-48ab-851f-0b6ebbee6b5a,MW
p24,58253fb3-28b3-4a31-a863-7c0ab8cd2e87,NonMW
p24,5fb8a641-4d88-4769-aa87-a202b4b82838,MW
p24,78f26efc-a4f6-40e1-a62d-8542cc4c8249,MW
p24,df5cf75a-9071-4610-be19-ddc46a648020,NonMW
p26,37fd3406-321c-4392-b5ca-92495c800175,MW
p26,e1f07fbc-31eb-44dc-888a-39c6c6644221,NonMW
p26,83e1ef1f-d2b6-4076-90ff-3722379143f3,MW
p26,61322a92-91be-42f7-8f0f-d252f220e03d,NonMW
p26,1dea640d-500b-4653-8b8b-b50914f55c5d,MW
p26,81b32309-a4d7-483e-95f8-83f7a0bc8ad6,NonMW
p26,5cf5364d-1404-4a64-b7c3-d6a39b17b684,NonMW
p26,e003d51a-967f-47d6-b188-2219cc7e1f2e,NonMW
p26,7976306a-3957-4318-9454-02400ad6bf73,NonMW
p26,154922c0-65c4-41f4-b0e7-0de6afecf08f,NonMW
p26,c863b1b5-5387-424c-8abf-8c8497b51381,MW
p26,7ed8a55a-eba9-4b85-9b23-e99ec9414586,NonMW
p26,feaee1e7-0fee-4de4-8d4d-f8201e98a724,NonMW
p26,5ba927ae-685a-4d75-a5ad-345c9afde76a,NonMW
p26,c54f6e20-0730-4d92-b3f1-dda51c09928e,NonMW
p27,9f7c558d-bb52-401b-ae58-7385f7b41fd7,NonMW
p27,2a58149a-1369-4b70-a5a3-ce0bad8077ba,MW
p27,e1ef2833-a012-4f09-b011-ce5dfab2630b,MW
p27,2206d612-dd77-495b-a7a0-29e8803e9309,MW
p27,3a0b96a3-ca1c-4d71-a97f-39edaae3ed07,MW
p27,039a3698-c78f-468a-b1f9-18d3d60f149b,MW
p27,654d62bf-ccf3-4216-b436-d69190e7187f,MW
p27,59ce746f-4941-4d7a-9a8f-afcc7786fd91,NonMW
p27,285beabc-a1a8-4257-8c9e-db6a948f9a48,MW
p27,9ac38832-6c2f-40b2-87c3-6e983a69745a,NonMW
p27,39f13486-2ab6-4305-96f2-441a455756a4,NonMW
p27,b25d8377-286e-4a75-a8a5-12d9c1a51113,NonMW
p27,58643756-234e-43f2-852a-752aa1371378,MW
p27,313cfc45-db1c-4dbd-af82-aa1634a03099,MW
p27,1f0abadc-60b6-4219-a74f-f6e8418bdc3f,MW
p28,de2ac17f-d448-49a6-b6bf-63c9a15d8362,NonMW
p28,2f94fc5c-8d9f-485f-a713-ae32601f2469,MW
p28,1879d0be-2d0e-41e3-826c-af01cad7b0b2,MW
p28,1ac3afbc-050c-467c-b4bb-e6cb5fcdae23,MW
p28,b71ee0c3-1524-4ba1-91ee-9959011db559,NonMW
p28,8a40388e-4ec7-4426-baf5-046f1b1b8fb9,NonMW
p28,91c8d50e-a2bd-48cb-9cae-c6f28b858888,NonMW
p28,7c9a262f-1d7e-4299-8f57-1e423b1b3776,NonMW
p28,4e256732-3217-4b17-93e5-6905601c991c,MW
p28,72b177d9-125b-4e5e-bc50-1cdbd26e2273,NonMW
p28,aa9674e9-2acd-4da7-aa2b-1bd7973be918,NonMW
p28,658f07ad-c33a-424a-b67f-ea007d4752e8,MW
p29,b2245ed2-f979-4e7d-a24b-3728d78ee9fd,NonMW
p29,9293f5ed-c19f-4fec-8f7f-8ccb2d1811bf,NonMW
p29,ddd7c0dc-3962-43aa-81c0-9c4e2070679d,MW
p29,47521863-0f43-4325-9f11-1d469e599c72,MW
p29,05adce5b-e0a9-4a10-a2db-f583c017b42d,MW
p29,ff3d343a-f222-4adc-b9d0-98a96098b8f5,NonMW
p29,26bb2fec-ba10-4747-aabf-396470ec2a74,MW
p29,0b529547-5b26-4c63-a033-3539e4da823a,NonMW
p29,47f174cd-d07a-4df8-8619-808ff149f14b,NonMW
p29,a948c3d9-6e2e-4ab9-9363-b4133f274dea,NonMW
p29,2619106e-e252-48c7-a114-b7fad982170f,NonMW
p29,7dd1deb7-d7ed-49fd-9c32-589d0aeb8a72,NonMW
p29,204f92bf-8a07-419e-82d3-822fa799b27e,NonMW
p29,92bd1de8-9711-4c16-8abb-2a9bdf10e210,MW
p29,acac7276-bba1-4394-bac4-1edb2e7b1f62,NonMW
p30,e120c77d-0689-4ca9-9170-aa3fdb71085e,NonMW
p30,bbb7b6c4-798c-4544-a941-da05610be7ee,MW
p30,b1dd8086-d5e4-489c-ab1c-a3528f34fe8e,MW
p30,cb44ad08-a199-4e1e-9e18-d2d5c92e2639,MW
p30,9b5df6db-7dcb-445a-a75a-70e863ff0589,NonMW
p30,f1ccbf80-132b-4537-9b19-8851f74f8663,NonMW
p30,3aead412-eb65-48a1-941b-f0e44c71f082,MW
p30,89ecac09-3893-4475-80e3-d92c72c280f8,NonMW
p30,d331fff7-bc69-4a52-b801-7b92456f199b,NonMW
p30,d6223cdb-3ba5-45e6-b3c9-523118e3532f,NonMW
p30,06b8b437-a109-4114-a59e-f4b148e19a14,MW
p30,f53b3f80-6969-4e50-bbe5-c8abf4627316,MW
p30,059d930c-3f7c-4d27-b467-417415efb789,NonMW
p30,8c2e1d06-79fa-4893-a100-790e68edc27f,NonMW
p31,ee7324f1-a186-467d-acf2-8043d6aaec3f,MW
p31,26421c37-41b8-4ff9-833f-24cd089187c0,NonMW
p31,72ad83a1-c6fc-4479-af78-9451064dabf2,NonMW
p31,60ded15c-4484-447d-856b-7263964a36e2,NonMW
p31,0cd01bdb-c549-458e-9a6e-7524eeca32f9,NonMW
p31,389f4ab0-edb3-450e-a775-6a698b050a0f,NonMW
p31,8734934d-9315-423d-bce1-115fb82daee6,MW
p32,e4e7f019-496f-42a8-9488-1f5be1173df7,NonMW
p32,d2605ca0-b31e-40ab-bcca-02f79fce5b2e,MW
p32,6235fab5-a873-49b5-a92a-5c5f9dbeeced,NonMW
p32,3a2435fa-ca8f-4f5e-ae01-003853d0acb5,MW
p32,7af13d6d-d2e0-47a7-837c-8aa6f87e55f5,NonMW
p32,d1f18d72-2926-46de-aad7-dd6a225ebf3e,NonMW
p32,07e99193-210e-44d5-8e67-6f66da74ba99,NonMW
p32,8b74433b-af83-4a78-8c69-25ee599bb0f5,NonMW
p32,30a30fcf-3a9a-4837-ac04-f92d37fa962d,NonMW
p32,f1b683b3-03fc-4054-91a8-e01f114ba56c,MW
p32,fd2ce1a7-a4c2-4e99-bb81-66155ff00def,MW
p32,f7f8b0a8-a185-4501-a23b-6f9999c17a6b,NonMW
p32,4e8a3ecc-3be7-4007-b043-4f0a9774a36c,NonMW
p32,f92ef507-cb95-4295-9440-49723db2aad1,NonMW
p32,1374ee0c-53d0-4b6e-a284-65f90bbfe727,NonMW
p33,08b503ca-c201-4ecb-93a2-548174f834fa,NonMW
p33,4cc25d6c-0165-402a-ae24-65798716e31d,MW
p33,cfba81d9-0afb-4e6c-bd6b-90c4d91ef98a,NonMW
p33,55051ce0-2867-4a08-943e-89b686b45c1c,MW
p33,9d8eb9c9-9d6e-4e45-9a1c-ffea3a66b42b,NonMW
p33,c0b68bd7-2c34-4a2f-892d-9cb305403e77,NonMW
p33,e58eaf80-00b4-4732-b60c-4d3de08a2b8b,NonMW
p33,13e5169a-5ec8-4795-99cf-9c8ef2fe873d,NonMW
p33,fe78ad8c-524f-4f88-b917-b3539dd517ec,NonMW
p33,72d611f5-fb55-4cbb-bf6a-53b0e204aab3,NonMW
p33,b9d1d969-da64-4cd2-bf38-83c858ba65a5,NonMW
p33,7060c26c-e3d5-453f-aad3-2bf3648c097d,NonMW
p33,608a34be-de91-423b-bf35-df59469231ae,NonMW
p33,483e2b6f-a87e-4749-beb6-c5a1c429d3ec,NonMW
p34,e4bb7223-0fd9-4bae-92ea-5efa7be9b7d4,NonMW
p34,0438bed6-c096-4ef7-8973-2a760ae73bd5,MW
p34,89daef06-def1-4515-8ab0-a3b61103dc0c,MW
p34,b1ff0c2f-07a2-4c2a-bf79-54e0590ed540,NonMW
p34,353eaa89-9fab-43f5-88b8-5ea1ad2c1b1a,MW
p34,238fef7b-b818-4e23-a0c3-61ccd9dd74ae,NonMW
p34,2f06888b-668c-4316-835f-6fdce935b18b,NonMW
p34,9d4bb3ae-952f-4026-a7a5-4527461c61cf,MW
p34,dc610682-6b61-4382-956b-f574c8d0a00d,NonMW
p34,9884cc9c-d1d7-433e-bf7c-53aeb5538738,MW
p34,d60aa3cc-f54f-4e71-aedd-04e087537ac9,NonMW
p34,36f5a80d-7e22-4c9a-b0e6-fa1be45940c4,MW
p34,eae561b4-ec2d-4dd0-b4f7-ed5ba3dc38f9,MW
p34,592560d0-5e29-4906-91c1-1d09eb1f9d92,NonMW
p34,f6aaeea0-aa35-4520-803b-b91f62c2cee3,MW
p35,2c20097e-5587-43d8-b8b8-86301840f673,MW
p35,e9738fb5-2ac3-4f82-b200-2d36bb58ab13,NonMW
p35,1b5e2e10-77c6-490e-b63f-299ee9983dcc,MW
p35,1e82fd1c-30b0-4be3-a42b-1d4a28876fcd,MW
p35,0cea57f7-c506-4898-b509-7ea7e5b7988e,NonMW
p35,175871cc-8d55-4c4c-8d50-b15e4ff10441,NonMW
p35,3fd4cf3f-2190-42f2-aeff-062d1a16e7b9,MW
p35,ca29506f-a7d0-4225-949e-d4b444cabd00,NonMW
p35,5296bc88-e8a8-4512-a3be-9f07206415fc,NonMW
p35,b57f30d0-a3b8-45cc-bb1a-eac35eddce9e,NonMW
p35,e4a8c86d-7692-45e2-94cb-497ea9794c39,MW
p35,838c7b49-74bf-4257-8f3b-c19e77f45d4c,NonMW
p35,86012528-7c21-4807-a361-26aac4584f06,NonMW
p35,e33c678a-8447-4924-87d4-fed0cbc5a0b7,MW
p36,f93b36b3-66ea-42d4-992e-d6bd4aa809cc,NonMW
p36,d9f23651-35ed-4d5e-9ec2-a0af611cb535,MW
p36,40e5977a-1fb7-4351-b019-6d8aebb9aca3,NonMW
p36,fe5eae95-a245-42fc-9b46-93a8ca11f86a,MW
p36,4e49b53b-6f6d-4304-b284-0b50d879a88d,MW
p36,76ec7e16-207f-4a37-b636-1eabb85e5ffc,MW
p36,bcd63944-38f4-42c9-9f1e-50a858f32caa,MW
p36,c13ddffa-2e19-43f2-9420-57d2d1c72e44,NonMW
p36,6e82f275-733d-42ce-b918-8732b6087c1e,NonMW
p36,b902518f-0da6-40be-a361-96b2dd2d2ca0,NonMW
p36,83b37190-e6b4-40c8-9924-e487257b6b0f,MW
p36,2bd93600-2b91-4d66-9afc-b003cd5559cc,MW
p36,85e40ae5-750b-436a-8956-24a87a3ced3d,MW
p37,5033c631-b1a8-46d6-9bf5-c858405f6348,NonMW
p37,920bb5ee-ead9-4623-8f38-ad691bc7c834,NonMW
p37,95eb2bbe-13d0-4cd0-a7ef-b18cc2d8cf74,MW
p37,a6333147-c65b-4fa8-8ad7-4db1572c3ec4,NonMW
p37,4b9634b6-86c3-48aa-aebf-f882f36b4b32,MW
p37,db9d4da1-4579-4e6f-a0dd-61ff87cfda08,NonMW
p37,0643d61d-b053-4188-bc70-92d69565125c,NonMW
p37,efd661c7-1e28-4c65-ba6d-657c9755b749,NonMW
p37,9d709136-02d3-4fba-8667-18913866e688,NonMW
p37,5fa5d65b-c778-45a2-bd6d-380a5db8d1c2,NonMW
p37,e622453b-23a9-4b03-ba66-1f4cb6a9f228,NonMW
p38,2164a10e-3754-4c9f-bb0c-47a90f9e0059,NonMW
p38,89d5b4bd-80a3-4e73-987e-e407f6e7df33,MW
p38,912fdf36-57df-4b70-affc-13b975a04a46,MW
p38,035a9de9-f66b-4d6c-9b94-052e3f15493e,NonMW
p38,c0d9f8ab-4028-4505-81c6-984c19eb6b06,MW
p38,efc1fee0-5f08-4cc5-af4c-396bb77d0524,MW
p38,310725d8-e496-4df7-b845-ece957b5f9d9,NonMW
p38,de801525-66a8-4298-aebd-5acddf9d5863,MW
p38,ab32dd0c-b156-407d-9e1f-7918bedd8387,NonMW
p39,ed49d511-0934-4050-97fc-610d3130529d,NonMW
p39,ec3f00d7-3379-40a5-ace9-3958d9a306cb,MW
p39,667b1ebf-e973-4b88-92f0-7b2b24b28662,NonMW
p39,edda1772-a131-4a22-a224-19f405351d4c,NonMW
p39,abaeabad-452a-49d6-89df-b1c2fc2d0fce,MW
p39,ee5c6638-7a3e-4c9b-b961-11a0e548f2bf,NonMW
p40,12046857-7321-40ed-9ab1-bd42db73e20c,MW
p40,6607de00-95b7-4815-aacb-a875b9893867,NonMW
p40,8f4a853f-2ec4-4efb-84fe-83e1901698fd,NonMW
p40,3cecafff-eaca-4d2c-91be-d43d0c0acf74,NonMW
p40,9c91e8c9-61f3-4027-a982-b77a93577b04,NonMW
p40,6a49a479-368b-429a-bc07-f7d0fa932407,NonMW
p40,c6bdd0c7-cc25-4bb6-9234-c6020c36f2ca,NonMW
p40,41d03caf-bc4e-4cf2-8b91-6ee60a1b3d8b,NonMW
p40,30fd4714-2731-4abe-83b2-ed035afb3cf9,MW
p40,811351c9-8da1-4420-a3a8-7f05e43f67d3,NonMW
p41,e504014d-7dd4-4673-a0d1-e2db845b19a2,NonMW
p41,3269421a-0ecf-4e66-b08f-84d92663474b,NonMW
p41,cac12ea1-0f11-4c82-adb7-adfb8aee7de2,MW
p41,231b040d-b327-4f22-8f99-24321caf017f,NonMW
p41,f7f67b16-d809-4bfd-9c14-18c3730acfc8,NonMW
p42,0a80fde6-2560-47bd-a10f-1f377218b047,NonMW
p42,0e350451-a852-4e32-b74b-ab5faa19be5a,MW
p42,abc4a2e7-c205-4f14-b439-b66fdc08905f,MW
p42,076860cb-7880-4a0a-bf1a-766aaff83c75,MW
p42,1b0544e3-503d-4319-98e6-a1c2c1e3b123,MW
p42,48b38a82-3a33-4490-997e-201bee0d3c35,NonMW
p42,ee16d787-ff7e-4b8f-b49f-c59821ccb9b0,NonMW
p42,d7daca9c-7827-4a87-af63-ada13ba9812a,MW
p42,44bf290d-f438-48c4-8cb2-05875ac00341,NonMW
p42,a8ab3da9-c385-4d5e-9367-a31dc81fc817,NonMW
p42,68101bed-7074-4b13-93f4-efa39503e136,NonMW
p43,1bb38cbb-4aac-4723-b28b-8e3fe6cc2250,NonMW
p43,ed2845ec-5da3-4f5f-a4cd-6eb990e35450,MW
p43,b334e369-5e2f-486b-ac15-34306261e0c8,NonMW
p43,ba6d5909-d484-4044-b8ab-dc41b52ac105,NonMW
p43,d64ed3f7-a234-4ffa-81b0-0675eccd6d81,NonMW
p44,1d863dd7-98cd-454f-96e5-6b10492cf1f0,NonMW
p44,c331601e-bfa6-4ac1-a520-710c97bf6199,NonMW
p44,0bbc5ac7-cd8a-475b-bf4f-2ada732f6282,NonMW
p44,c96a2e2c-531b-4214-84d3-9027ffcd3f24,NonMW
p44,781485dc-6725-4add-b84f-54e817a69a6c,NonMW
p44,686bc53b-9104-43ca-a77c-cc731b8d5c88,NonMW
p44,b0295fae-036a-4a4d-9c00-a5aa0826a17f,MW
p44,afb2785d-8da0-4f8f-8283-c9757a7fe6ea,MW
p44,49734409-963d-4a52-8444-f80c4ff9ed0d,MW
p44,9c861ccd-0ddc-4e0e-8120-8f1f2594c7f1,NonMW
p45,6bbb878e-a8ee-415d-afa8-bfe574e59aa7,MW
p45,1758e53c-222c-46e3-a266-d50ce6b7829a,MW
p45,5d9c2aa2-fc7c-4654-bad3-8567e5257046,NonMW
p45,c7e88da0-1514-4194-8e6b-7b5598768eb2,MW
p45,0a948464-ded5-48ba-ae58-b01b6da26d89,MW
p45,04398e0c-1935-4c7a-a30c-756977ae1123,MW
p45,b50ff08a-d2a4-42c0-967a-9525ce97c7af,MW
p45,9a1d3f5a-1c8e-4494-b7d3-6b0ca8bafe43,MW
p45,9b360767-d98c-49f7-bcb2-d2243884b33c,MW
p45,e5393d75-d368-42d9-9559-6727599837bf,NonMW
p45,c342fc0a-f124-43bf-945d-ed2f8de0f88c,NonMW
p45,a4ce14f2-7567-43b6-a056-8db36ff66709,MW
p46,6190f0e7-e0ff-4a4c-9156-ac87d7a9db89,NonMW
p46,8b465a51-573d-4f46-b7f5-c98d786f13cb,MW
p46,c66c5529-71f3-4d08-8e30-35debccc14b7,MW
p46,b76f6c8a-c9e2-45f0-a0ed-b635cbe3b958,MW
p46,01651678-c2ad-4d09-bf34-f1aa7ce6b55b,MW
p46,0defcf26-6ec0-4c92-aa5d-0bd95cf936c6,MW
p46,22dbfbc4-ee51-4cea-9426-8a9225c1a476,MW
p46,32a87330-628b-4d97-b038-a0a40de2f7b2,MW
p46,83d29f42-6c99-46da-adbb-efb57ea945aa,MW
p46,64b7fbc4-d171-4afd-954a-ff4b334d8404,MW
p47,3233ac2d-6d94-494e-8b7b-2482f09797a4,NonMW
p47,85161398-7886-4f8a-afbf-e05245b52218,MW
p47,d3ab8ad3-c447-4eee-aa22-0be735e68854,NonMW
p47,aa160409-c59b-425b-bbab-c84f5f0963ed,MW
p47,25879dd8-3168-446a-9cb8-798eb82bf7ad,NonMW
p47,06d578a5-cb57-4955-b6c5-d35f122bc30d,NonMW
p47,38ad516d-b7a1-4afe-80c2-870778c111ba,MW
p47,e83ca71b-b56c-4d84-af5d-6ee716fee5c6,NonMW
p47,59760921-cf1e-438f-9057-e87eaecc6f7c,NonMW
p47,cc4f930b-4661-4c37-8c4c-8b0aed4eb62f,MW
p47,2110f1e1-18ac-4f11-a963-9f2d782701f8,MW
p47,b2a29d44-f1fe-4cbc-9d6f-18c393216e09,MW
p48,e15fe3e3-01c7-4d87-9a1e-35a619419a91,NonMW
p48,02585682-8b57-45f6-a272-54096810331a,NonMW
p48,9f001eeb-e9be-4526-b2c3-02a32d2b9da7,MW
p48,31ec395f-c12b-47d0-b173-cc852319224f,NonMW
p48,79026bff-5302-4bba-849a-c76a4f523881,MW
p48,823ec084-57e5-4de6-a117-e5c43a35fff3,NonMW
p48,f95c8923-f065-46e0-82d6-f4c448920652,NonMW
p48,3becb700-21ac-4d43-98e9-ac0a656c5491,MW
p48,4767fccf-aa05-44d5-a701-4661e23d013e,NonMW
p48,86ca078b-aa3b-4a1e-b190-cf76031e19d3,MW
p48,ec5e45de-b18d-4187-be22-e2793d3d4872,MW
p48,b9613b44-d768-46d1-8169-cdf1e3b0fdcf,MW
p48,62ecfd10-0f76-4d79-89d1-b680ebf03615,NonMW
p49,a5b54ce3-0b19-44d4-a592-ee181fdd6923,NonMW
p49,77896706-dde6-4ed8-92c0-5e257e6ca9d7,MW
p49,9454b5fb-854b-4d46-ab4e-954e47a3a87b,MW
p49,f571dc15-f8e3-4466-835c-158cd74db828,NonMW
p49,33df2941-47c6-4737-a9ea-ccdfed7ae405,NonMW
p49,08e24112-376a-4516-8dd6-f53637108b92,NonMW
p49,9c6805ef-dd31-418e-9304-28ed6457f5e4,MW
p49,67c8943d-f8d8-4597-9a91-e0f0c6971c9a,NonMW
p49,e834ef3b-fc6e-4c32-b452-006039e5ad1d,MW
p49,b6e8b3d5-42e8-46c0-a005-c4ca1be5d687,NonMW
p49,831ca8a9-0efd-4fab-af75-3f12c0aeb059,NonMW
p51,9932d99c-3655-48e7-b61e-7737260f95c9,NonMW
p51,c468f50d-5eb7-4f92-a531-94604b74e752,MW
p51,85d4ff5e-b6d3-46a6-a23f-d8e85897a632,NonMW
p51,ac01b1f3-2cf8-4321-a7dc-68c57755879d,MW
p51,5b0212e0-6582-4261-8541-5a51ff05b35f,NonMW
p51,2151a6c9-33db-4d37-9952-38bb69f98747,MW
p51,bc1969f0-4fcc-4848-a2c3-4d54920af7ee,NonMW
p51,aa0d31c6-6fea-4342-9932-44dd6895281c,MW
p51,bbc46669-66fc-48c5-a089-7f2dc97b66b8,MW
p51,53a8e7e2-9e2f-48d1-a4a3-286a26761db8,MW
p51,c770f6f9-3b80-45b5-92ef-152efba6b81b,NonMW
p51,97abd49b-f932-4ff0-86bd-ca992d28b3b9,MW
p51,9787bbd9-2e44-4a67-92ea-d964df76a1ab,MW
p52,f78db06f-e177-41ba-bb18-f3be4f8b398b,NonMW
p52,51246072-586e-4f5f-bb77-66b09b50eaef,MW
p52,f5e3cd9a-15cf-47f4-b821-23fe33137914,NonMW
p52,cdd4b79a-fbb9-4f7e-81e3-673e77cc2d9b,NonMW
p53,705c01d2-631a-4001-9b80-df23f31d8ba0,NonMW
p53,62e09083-4a72-4179-b6ad-b0a7b6d6d95d,MW
p53,4090270a-265c-46d7-90c9-c3685bd52b99,NonMW
p53,70bdf967-f462-456d-a360-778240ec9088,NonMW
p53,07e50e35-0f6c-4de8-b9d1-715340827a1d,NonMW
p53,cec57d50-3175-48ca-ae27-c39862dfd58d,MW
p53,3304ec8b-d680-49f6-b2ac-3055ccc782cb,NonMW
p53,0edecbb3-f699-4b0f-b24f-4a3544977d7e,MW
p53,00a38040-84f6-4830-a5dd-f6e3d434948f,NonMW
p53,17b862e6-46f7-4cb0-800c-3ff5e2ca9d2b,MW
p55,c0c65d98-c743-4476-a22f-eee75d6d39cf,NonMW
p55,f72c636b-3255-4142-a474-d6afafb789c8,MW
p55,0f062b18-f4dd-4538-b4ae-5a3a779ae714,NonMW
p55,4d7848fd-d4f8-475d-bbc9-78072b23b666,NonMW
p55,dd1972cb-3978-4075-b151-a9204011687f,NonMW
p55,af1dc370-1867-4902-a5c6-ad42464c3cad,NonMW
p55,c423147c-0956-442a-9290-ea415ea79afb,NonMW
p55,0ed86688-2ae4-4386-b856-2014a9483b43,NonMW
p55,9c984a5a-9d9e-4c8b-aae0-72929e90c93e,NonMW
p55,a4403b2a-ebc7-4080-938f-ee6f203316c1,NonMW
p55,8113bb04-046d-435c-8c4a-ec61c4bb72a6,NonMW
p55,3207117f-cabd-478c-8da2-b6727293cbc6,NonMW
p55,64439699-4b36-496c-beb7-d68c88e9f083,NonMW
p55,838137c6-5c94-4fb4-a923-d2a734c506ec,MW
p55,af1db28b-507b-44dc-ac9e-0758f405ec3a,NonMW
p57,8a13efa4-9380-4e90-abe7-26f956f93ece,MW
p57,e9f8caba-2a39-4575-bfa1-0d5f46555020,MW
p57,ab8d3925-3c00-462f-a409-086e960fb57b,NonMW
p57,24f65e71-e9a1-425e-ace1-67f7b92af415,NonMW
p57,fa11421b-59ab-4022-9326-94005c034953,MW
p57,09da365f-11dd-407a-a6ba-7bfb6ee58862,NonMW
p57,886c520f-fe0d-45f7-a920-c9cbc5c62835,NonMW
p57,d1bab617-2783-4651-b67f-0e33be1e97f4,NonMW
p57,060f5230-e087-4c04-a232-04665e17d63c,MW
p57,b1001b12-39b2-4eb6-b9fa-989d8666c3e8,NonMW
p57,a49487a5-ce9e-45bf-99d9-c3698ebf6575,NonMW
p57,0caa8bfc-36be-4b73-b738-e87ecb41982e,MW
p58,9889af81-c916-4bef-9b68-58fb2d5b95ce,NonMW
p58,c4edb9d5-e443-4a70-ba1b-468a4e1df4f3,NonMW
p58,49891144-ea7c-4544-b59b-9a390567b0e2,NonMW
p58,068eba67-4924-4271-9369-c182a805d97b,NonMW
p58,798f0d4e-3737-43ad-8002-b35f6a43dd05,NonMW
p58,4667e8ee-ca53-4270-9c50-7a326733a3b0,NonMW
p58,d86f1bd1-1621-4a43-80de-714df4b85349,MW
p58,e02e4a42-90c6-45ae-ad22-36f4ee7a3aa8,NonMW
p58,49ee1229-25bc-45a2-bbe6-d8e03af9c482,NonMW
p58,b90d6a4e-b403-4524-ab97-678b3d246ccf,MW
p58,65f467ae-fe04-4bcd-9bc4-16d70213c3a1,NonMW
p58,ae9c2819-9b82-4d56-9623-7931e89b3c8b,MW
p58,cff0c979-df88-401e-9669-7dec8c41367b,NonMW
p58,2a83989f-89f9-4565-a270-e0e80257be91,NonMW
p58,8f319dce-247a-4059-96e1-47029d8281b2,NonMW
p59,96592068-3b55-42ec-b34e-d3147cb697fc,NonMW
p59,189b773e-1dad-4c0d-b43f-2101ca05bc40,NonMW
p59,c0401a58-32ea-43bc-835e-bb18b08c30de,MW
p59,20024529-32ae-44f9-be20-e16ac584495e,NonMW
p59,983aabc5-9f4a-4937-8d62-b85af272821e,NonMW
p59,a892ef30-a04a-4e63-87a0-cc463f0d1eea,MW
p60,69d0bc6c-c494-4ee9-90ed-14eded1958d8,NonMW
p60,05493202-e457-4c5d-9b59-e274fdb53a7e,MW
p60,766fc684-6526-4117-94a9-e4d47f331dbc,NonMW
p60,23a90eb4-ed6c-41d4-abef-8e9ba499d33d,NonMW
p60,724fbba3-de1f-425f-b30f-bdb8c8ac0b11,NonMW
p60,6f21fee4-74db-49a2-b7c8-fed46ca0e333,MW
p60,cf37ada0-d393-4dbc-9faa-89a80f9dde7a,NonMW
p60,01675302-c377-442e-9d69-ea2b0946c64d,MW
p60,031abca9-6700-45e3-a45c-2752923900a5,NonMW
p60,87c27a01-090e-43e7-9b87-8cb1baeaa6c9,NonMW
p60,dc18fd6a-3044-42c9-a446-5e5380003cc2,MW
p60,03df0bee-94aa-487a-9292-0a35fc2d17c9,MW
p60,d4192a96-43a8-41be-a7df-00d2c5cfff9d,NonMW
p60,43c81d5b-86e5-423e-b235-dbd6039694fa,NonMW
p60,d54878c5-df99-4278-b285-66faeb5cb965,NonMW
p61,4cb9f97d-612a-4b74-bb54-d07a166d609b,NonMW
p61,5a0ef02a-91a8-44d5-82a3-64ed7b5e7e3b,NonMW
p61,6c752f39-017f-4950-ab17-89bba575ea48,MW
p61,5aeca9f1-c54c-4169-97e3-7d6c7d801155,MW
p61,4a800539-ec15-47e8-b992-8122e56ed76e,MW
p61,95e440fc-7ba9-4424-90ab-638bfc555017,MW
p61,519985a3-5d5b-4548-9b54-a5ebd7340c9a,NonMW
p61,ca589878-266f-4643-9f09-6f32bc93f8ed,MW
p61,92ed6ce8-9f40-48b6-a9bf-82b643e72e60,NonMW
p61,c32d01a4-e8f5-4a31-ab13-9394d965dd09,NonMW
p61,913d5fd6-e7f5-451e-9bbd-0007a5d469fd,MW
p61,cf69738a-3f06-4d68-802e-1c79c1f3215e,MW
p62,d5add473-455a-4613-8dc6-4a7f4f592930,NonMW
p62,d46ef776-f0d8-422e-863b-d46bbabfba06,MW
p62,b3d2592c-0593-443c-9584-d88088039b01,NonMW
p62,26acee33-4f03-4871-bbec-5ef617d91ed6,NonMW
p62,f843b75f-7513-446c-b15f-15c5de212cd7,NonMW
p62,c3b9bee5-d848-4043-8b6f-87f6e2713ac1,MW
p62,4f64159b-ea78-4aaf-a014-75c0b44fe4c0,NonMW
p62,f52ffe3f-3048-447f-838d-f6aa028d93a9,NonMW
p62,fbb894b5-4917-4e81-8c0c-8adeb00f496c,MW
p62,6b9ed28f-3f0b-4013-873a-430ba996e2e1,NonMW
p62,07df0ba3-ea8f-4945-8a0f-4d056a7cd1c8,MW
p62,9d80f408-bd0e-4c36-a414-d63b36f6d094,NonMW
p62,cb45b13a-23a8-4cf6-b185-318d0fded671,NonMW
p62,cc9a1915-4df3-473c-932e-c31e8d225195,NonMW
p62,8ee7af89-b73a-4727-afef-4d0e29b6353e,NonMW
p63,7b3df2fc-5a4f-4d65-b245-15e39bfbbf3e,NonMW
p63,68367f1b-41b7-40cc-8308-085b2f3ca731,MW
p63,c0d12173-fe46-40f6-96e8-36044cb6c93e,MW
p63,a722833d-6e3e-4f1a-aaee-541cdab842b5,MW
p63,19dccba8-a7cb-4d47-a9c1-0ca8f1735115,MW
p63,d7ace90c-d61c-4fc5-a0fc-cc941c05629b,MW
p63,66ae72c8-ea20-4a7d-8d85-9420d05157ef,NonMW
p63,cc350fc4-2bfa-4af3-bac6-0f64dbf89801,NonMW
p63,3598ec3d-3257-4c39-ab47-48b9a122a278,NonMW
p63,2102147f-337c-4f7e-9120-7e9f40e3e3db,NonMW
p63,596590d9-c47d-4801-bfee-b66a4b1b6e6a,NonMW
p63,1ac4ae80-2d52-4814-a02e-abc79bb0afea,MW
p63,fe63f9e1-8a00-4faf-b0cb-ad3fe5783ae5,NonMW
p63,84df68e7-0f7f-4443-af6e-e1b9a015a842,NonMW
p65,4a5e2e10-4f8f-4c9e-9870-062abf7df3bc,NonMW
p65,07709f4c-b953-4592-a361-74b01f6e1eec,MW
p65,ad50bf05-3813-44cb-9fb9-483206d0bd3a,NonMW
p65,d6b8ba09-323c-427e-b88f-516b55a42d4f,NonMW
p65,86772e5a-6b38-4351-966d-9d0142f59a68,MW
p65,8e8d1f2b-bc86-4cdf-8f37-470cf68db83e,NonMW
p65,cd02d9d2-8231-4fa9-b25b-25114c4f36f3,NonMW
p65,a9f1ee18-39ca-4cf7-b5bd-ff9e279ee490,NonMW
p65,1d773b61-66e6-4270-9f84-356e61951ac3,NonMW
p65,5064baa2-6360-4761-ba58-1dddec05b21d,MW
p65,174517c8-797f-4ed2-9a90-9dc51f00668e,NonMW
p65,70d02273-5dc1-4d16-a9c7-c8b9568f2f93,NonMW
p65,c4cba42f-85ce-49b8-b20a-1f8d151f1605,NonMW
p66,a61dc142-3eae-4de1-9263-93ef9a9894f2,MW
p66,0a17df76-00b3-4f50-a5aa-b3352505fa9f,MW
p66,917a918a-db1b-458f-898a-0728ea159dc8,NonMW
p66,bea540e4-36e8-414d-9659-535b573011bf,MW
p66,a8cb9631-6b7d-4a3f-b9f7-4cd59f7dd0a2,NonMW
p66,fb03130d-dcaf-444d-b7db-ad1ed3cafafc,NonMW
p66,03132648-56b6-4ff4-8738-3b31d696a141,NonMW
p66,a5fd0766-9c3e-490d-9b16-ed5073094ad0,NonMW
p66,0d7b7e24-0dd8-455f-b1ba-13c663d7f00d,MW
p66,3343fb11-5941-4f94-92cf-6f12b132de07,MW
p68,71874155-b73b-4c2a-b5de-d32ab35a1560,NonMW
p68,a373acf7-51d0-4f12-9a96-0f8640feb6a6,NonMW
p68,29824299-9f1a-44a9-90cf-9d33a6021bee,NonMW
p68,efc845e7-9611-445d-b9c9-bf50e5358bc8,NonMW
p68,b02f4d67-1de5-4f86-8bfd-74a841e5dac8,NonMW
p68,0d57243d-dff3-41ac-8e21-4ab18fcd9272,NonMW
p68,85627db3-2d51-43fc-a48f-bcec644a6d6a,NonMW
p68,613edccb-3f4a-451c-b407-26d26ca238b4,MW
p68,a6c9faa1-fb46-46f8-8049-613b3561595e,MW
p68,712792da-988a-4f74-b0e5-568b0c3d8a12,NonMW
p68,e1ebe795-8dd9-4b0e-8820-bb2de73c3e88,NonMW
p68,fa302050-ff47-4802-bff3-37ece427dfd1,NonMW
p68,ac64ac09-535c-4365-9143-522611f249dc,NonMW
p70,beee9fb5-9a83-424b-9475-bef5b9e003fd,NonMW
p70,e56712b0-55fe-42f1-95cf-2d97313a9766,MW
p70,65344b99-b991-4f54-8672-38afa91f0da9,MW
p70,2823f025-46cc-4e24-a3f7-890d4ab691af,MW
p70,86f90c89-5297-47ac-8503-5a5a89ea55aa,NonMW
p70,454938f2-b3d0-46ed-81bf-5332186653ca,NonMW
p70,e4888d15-89a7-4c2d-be27-07c3e76a38f4,MW
p70,22a16dec-bf53-4a70-b1db-715e27fde37a,NonMW
p70,08179311-0f60-4244-9ee4-84c2933f3ae6,NonMW
p70,601c560a-b84c-478f-81cb-630c5e812a01,MW
p70,61041761-0c2a-4d7a-a3c6-ea5089f9ae0b,NonMW
p70,d68ea107-a517-4ae3-be9f-d56a9809b711,NonMW
p70,7fc0c85a-53ab-4283-8eb7-6c046d09c0ba,MW
p70,7e90262a-b0c4-4877-a541-35597b81bbe2,MW
p70,a2fa990f-88a1-44ed-95f5-e28b82a3bbac,MW
p71,7c730182-855f-47ff-b862-8b6e30b9c53d,MW
p71,2a89816b-6a04-4e3d-83d3-281d5da04915,MW
p71,deec9eb1-9b22-4301-8367-58d64ef4a057,MW
p71,412b0635-786d-4a73-bacd-535777d28127,NonMW
p71,d4125a07-7833-4918-99e7-1e0e8139d79a,NonMW
p71,078c916b-08a2-4d14-a51b-4d28959f1406,MW
p71,20fef2e8-7299-49b2-82f4-6e1cf85b9ef7,NonMW
p72,47c7a5fc-7431-4f41-b4f9-8adf7eced8c6,MW
p72,acd2db90-d248-4e2a-9f5d-4ce36368ae2f,NonMW
p72,17920855-294a-4773-864d-1eacd497be51,NonMW
p72,da442e8e-8b21-4f9f-ac88-7f71b480b0e8,MW
p72,a731a783-8efc-4098-a67a-266661043518,NonMW
p72,139076d8-5f45-414d-bd92-e9883225d815,NonMW
p72,96b00b35-b4f4-44b2-a8e6-dad6a4aa4064,NonMW
p72,913139d8-372e-40bb-8d1a-a686b11bfaf4,MW
p72,bb3ff6d2-010e-4626-83cc-0b29f0f22a49,MW
p72,73736914-8351-4755-925f-418ea35b2fa9,NonMW
p72,89eb2047-0399-41fd-8c96-0fbbd875f05d,MW
p72,29fa03a9-80cc-48d7-a7bb-d0107c431033,MW
p72,7bac5b50-cb4e-4097-b1c4-629f34aba7cb,MW
p73,e4ddc37d-6806-44f7-bf9f-5316ed3293d5,NonMW
p73,ec9e9928-b3e9-4220-8f56-8840abe451a5,MW
p73,ab247cc0-b50d-4f73-b26a-2aee791d6a73,MW
p73,22034774-f33a-4021-ac7d-d254c1aba4db,NonMW
p73,452629fd-febc-4491-a55e-05591a4d42b1,NonMW
p73,727f95d8-9f8f-42d5-8c60-1878b133cf7f,NonMW
p73,554a8325-52b5-45fc-b4ed-59b6bb068648,NonMW
p73,dd402341-21d9-458d-aec4-d255df0b3ce0,NonMW
p73,946b95da-c0e2-43b5-a50f-c998090c6bb7,MW
p73,4286d790-22fc-4988-be71-f3d9f78c8ed5,NonMW
p73,8897b915-ac2a-4b01-a74b-a6efb4f1cf7f,MW
p73,d7892f57-e21f-4ff9-bdc3-26d439b80d78,NonMW
p73,ade66645-ced6-40cf-9f78-a174ac78b593,NonMW
p73,bc60ef3a-c81f-44c1-bb63-e328e7489570,MW
p77,19d7e335-2845-48f0-a5f0-fd1a0b0508b0,MW
p77,cdd9fe38-124b-44ea-b7ed-5209d5b3c5b8,NonMW
p77,a7963fea-2119-4239-b46b-dd594d2a3818,MW
p77,04da25ec-0ca9-4525-a570-6ee59f0cc117,NonMW
p77,f5bf66e4-7c87-49db-b13b-62fac67ad613,NonMW
p77,56b85f9c-6a52-47ab-9e7f-8f8fd1181017,MW
p77,f0326acc-b900-4989-a34a-4cc774a9eeb2,MW
p77,eb8080d0-9946-4f99-a5fe-3b7b2a1869df,NonMW
p77,4ce18155-5ef4-46e7-8119-54ff48e46369,NonMW
p77,8d9d6fff-f708-4072-997d-6432ae668aaa,NonMW
p77,eb6aeab7-1836-4cbe-8352-1c130aede900,NonMW
p77,026ff671-63be-4d88-97c0-3e23756dfe2a,NonMW
p77,721eefef-f49f-403b-a2e9-adad8f214002,NonMW
p77,a3019b11-a496-4dc8-b517-91a95e0e9045,NonMW
p77,9b3fef2e-6e83-480d-8591-f9929aaf9be8,NonMW
p78,0199ea0c-1d3f-4143-b986-872e415a0114,NonMW
p78,18ee469c-d80b-4eea-afac-827019bb1911,MW
p78,a36ed659-6e1e-4f57-8f30-52ca6070c62e,NonMW
p78,e12eb07a-afbd-4ea8-8a97-03d1030ea2e3,NonMW
p78,60a1b1ac-6bb7-44a5-b353-8bdb9610c85b,NonMW
p78,3ae07335-5c9f-4120-86b9-72bda946a759,NonMW
p78,84e11671-03ea-4486-822a-c1dc25c12ff3,MW
p78,b62c22a4-9945-499e-950b-8b4cf8958bd1,NonMW
p78,326528e5-91db-47fb-b8fe-131f8e955c3b,NonMW
p78,1eac5a64-988b-4548-81cd-5043a3f13c93,NonMW
p78,8ad2798f-b736-4997-91d1-b442009d8f86,NonMW
p78,9efd449c-afaf-4a7a-b9e8-82ef2c1b874d,MW
p78,0cb89207-7b05-4ce8-ad94-34f35ebccee8,NonMW
p78,0f792a05-9374-44a1-8d1a-30823c276b82,MW
p78,ef361c13-3e22-4516-8b34-abab5ae2442d,NonMW
p79,ccbdf1b3-49b8-4923-bafd-f0d70c70a321,NonMW
p79,39cde808-2b41-4d1d-8fce-b2a873c3e906,NonMW
p79,dbddcb90-6756-4106-8f30-876dbfb27f7f,NonMW
p79,b3517eac-53db-46f2-acd0-e8cc1ef29ea6,MW
p79,b4219411-f277-4642-ba17-f7a8fe51e778,NonMW
p79,966801f4-5784-4086-afe2-b7eaa10dafa1,NonMW
p79,41f9787a-c5ad-49aa-ab89-9acad759a093,MW
p79,51060432-1b38-4154-a9e7-68502beabbcf,NonMW
p79,c5ddc0f1-79da-433a-9812-326ef50cabdf,NonMW
p79,97ddc52a-d38e-408c-96df-b22fde1dba43,NonMW
p79,dbc2d7fd-bdbd-4c1d-9fe3-6ebafa21c971,NonMW
p79,d77901c1-d13d-454c-b683-c733e611f92a,MW
p79,76533e4c-29b1-41b8-96c2-97f66059c159,NonMW
p79,12dd7e32-f52e-40cb-8eb1-76a60f24cce0,NonMW
p79,3dba2515-b96f-4603-ac50-d55e834d968b,NonMW
p80,5d28f330-7e4a-45ed-9a05-9423d347d4fb,NonMW
p80,ff521bcd-4a18-4a88-bf50-6e77a53ac509,MW
p80,2a901649-d431-4d54-9423-ab2e190ef47a,NonMW
p80,050bb4bf-60bc-4af3-b7ff-f12c284b987b,NonMW
p80,1df2c117-b62a-4193-93c1-a7873c6e4591,NonMW
p80,9202a1a4-3200-411b-9f72-05e0e9197d81,NonMW
p80,edbc04d0-6c79-4b71-b284-4c1ffded57ba,NonMW
p80,e84f884c-001b-4021-88c4-049869e8a654,NonMW
p80,7a0c710d-cf33-46ec-9615-b786d892d546,NonMW
p80,8f16b4f7-dd4e-4c73-a033-29a4f2c8a33b,NonMW
p80,2365092c-c181-43b2-a43e-bc607911a3e7,MW
p80,31150f23-eb52-4384-9bbd-437e0b1f80c3,NonMW
p80,5cfecdd8-0ab6-4895-8eb7-9387dc42e9d2,NonMW
p80,fd061c81-e045-491b-b079-e51955125687,NonMW
p80,db5e1ddc-69de-470f-8ad7-ef951f9e5fba,MW
p81,1f89e1f3-34a8-4a30-848b-2ea2802209e8,NonMW
p81,5922f195-fb81-4977-b0de-00d7bc63c2eb,MW
p81,eb74a286-a332-4a4d-a971-601d93210fe5,MW
p81,589622f3-a115-4e07-b620-aefb29afd075,NonMW
p81,adb3abc8-17be-4016-9ce6-1ca2927afc44,MW
p81,26476d3e-1fe5-4d91-b933-9cb7939877fe,MW
p81,e162f132-d61e-4df2-b41e-59226adc90c3,NonMW
p81,35d370cf-04b6-479c-bd27-3e860e470322,NonMW
p81,41851991-e97d-48bc-a012-8de197ed6a2e,MW
p81,c0d67adf-f85f-402f-8735-9c3b49beefc7,NonMW
p83,6a8ce552-6c67-4969-ab9a-32cb77098468,MW
p83,47de2f69-4ff2-4baf-a963-3432f9603feb,MW
p83,9a4a00d4-c67c-4616-afd3-46d7c7860b1b,MW
p83,5f0b9699-792b-4359-8493-03d5bc01f927,NonMW
p85,767f2f9a-31a3-4e68-9f23-22fced3b75eb,MW
p85,fe706adf-efd3-402f-b416-e699ff784012,NonMW
p85,78780be0-2c83-40b7-a78a-32a66ddd739c,MW
p85,bd38faf5-b64d-4005-9450-1ddf0467a6f6,MW
p85,61451cab-ecb7-45ce-b842-98ef73dc78c9,MW
p85,bb7ca8e8-0a13-4451-89ba-916273614126,NonMW
p85,e5bb2069-066b-4a0f-81ac-01950de7bb0d,NonMW
p85,bc3163ba-e735-4c7d-8643-c78d13f55f47,MW
p85,0086b10f-98c2-4145-926c-149b41342744,MW
p85,eaa2fdfb-abdf-4507-b6fe-d3ce06bc2389,MW
p85,1a0f7180-a7e2-43ab-90dd-a813f016763d,MW
p85,e922d0bd-7293-433c-a706-e2b6075db061,MW
p85,7811df46-e79f-4e35-8a3f-ceaf47344d6c,MW
p85,27457b98-d989-472c-8a3b-e3cc80f1f7f6,NonMW
p86,d1278f69-03fc-45b4-a8a4-0e4a594eb315,NonMW
p86,62faabc8-fc8f-4046-acca-f5bbed330693,MW
p86,f5498a49-05c6-4a76-822f-04079998bd78,NonMW
p86,c2f61e3b-96d2-4a15-83e2-c2810f507ccb,MW
p86,605c1a4f-7b29-4990-b420-612abb42a5dd,NonMW
p86,3f888860-0670-481d-a4d9-5b1fce1315d7,NonMW
p86,535ae57a-f902-4cfe-a972-3e3f84286a95,NonMW
p86,0f4a5d11-a061-4b5d-815f-163001e31425,NonMW
p86,ab24be26-4fee-40cb-871a-615cf151f32e,NonMW
p86,31c830b3-d919-4683-b0d3-d70cf26cfe62,NonMW
p86,de88b453-ba7e-4102-8ae5-6492d2762787,MW
p86,1717d16a-293b-4655-8b01-ed1d7221528d,NonMW
p86,e57af31f-a633-4685-9888-cf77b31c8b86,NonMW
p86,ae4d94fb-78a9-4c37-8b4d-a357914d1d0d,MW
p86,3b6bdfd0-aeb0-463a-aa36-f9b1dabcb809,NonMW
p87,db5f2d4c-8d5e-47a4-8a2f-869a72b3933e,NonMW
p87,5d8f37be-c55e-46c2-b6bb-a4dd5dc5710c,NonMW
p87,77169770-5804-4405-a355-f1b4536e8f5e,NonMW
p87,5553b04e-fe65-4e91-81b7-3978c558c8b8,NonMW
p87,1043c8c2-d566-4bac-97f8-592b8f656475,NonMW
p87,85616055-12a7-43d3-9011-1dd183a34f54,NonMW
p87,f16ca11f-5c3f-4ecc-9ce5-b845b1ba294e,NonMW
p87,c44dca1d-cd6a-4713-8869-4b0cc0a6a76e,NonMW
p87,f112af15-420d-46c0-ae85-f11b488b0ef8,NonMW
p87,8d82912e-857c-4983-b2ec-e087c47b9f93,MW
p87,4685401f-127a-4c2f-84f1-ebdaddf609cc,NonMW
p87,b3ba478e-0880-498f-a78e-767399c8fa3c,NonMW
p87,bc7a0c85-3c07-430e-97d4-f7b1de127df4,MW
p87,b736a9fc-64fc-4916-a682-3d04363efa17,NonMW
p88,35f55bdf-1e3c-454b-9b5d-37266628eac2,NonMW
p88,c1831191-ffdf-487c-a553-6b19b64ea791,MW
p88,49d361b6-de5d-4c08-8cdb-96a10c595a39,MW
p88,bf9e54c9-e781-4584-b72e-3dd9a6315379,NonMW
p88,f410dd92-007c-4b97-82c7-fe6677a3c117,NonMW
p88,c6ce75d6-d3e4-4a7e-990b-7154a31227da,NonMW
p88,c484d843-1aa9-4dd5-959e-8026b6840128,NonMW
p88,07acb60e-fade-4221-879a-3f7fc06c913c,NonMW
p88,ac16d34c-737e-446b-b4d5-2657dfd8ca75,NonMW
p88,4c9ed2ca-3769-4455-8817-292af14e4a2a,NonMW
p88,6da9a26c-3c3c-46d6-bc5c-28b0dcd07838,NonMW
p88,281136d5-d9e7-448c-9832-678eb0afc9ce,NonMW
p88,b4639844-d12e-42d5-97ea-dca6a73ebe3b,NonMW
p88,e0e6233e-e757-4918-b547-d6b3adfd781d,NonMW
p88,d0d5dfbb-18c5-4593-b94e-50d2ff75c372,NonMW
p90,599d359d-596a-482f-9691-6ee6f9d530a2,NonMW
p90,449101a6-ad52-405a-81a4-cb8c675becd4,MW
p90,e9582cd0-a7af-458f-b7bb-4fe3deb3c16e,NonMW
p90,fe9375c7-05de-4a5c-be1e-6ba74addd6ed,MW
p90,a8c47e68-77f2-40d1-ac1a-98e36e333985,NonMW
p90,d736fcea-9a74-4881-988a-1a837bdc7cdf,MW
p90,ac3bfa5b-b5b8-4d0e-829a-7f4da9ad90af,NonMW
p90,42323c75-c97a-4f0d-845a-6cc6e0ba35aa,NonMW
p90,bc63f3dc-3300-48de-b516-aacf303704dd,NonMW
p90,39a22fca-3471-4c3b-b17e-1830ac3d371e,MW
p90,ad20386d-a540-425c-8612-1a7132434906,NonMW
p90,79fb38eb-6b0b-428f-bf07-7e31728120e9,NonMW
p90,2bca0863-efcf-4692-b9ac-f058bf0c2d70,NonMW
p90,d03a97cb-396c-40c3-8aea-442ec32f395b,MW
p90,d52d4ee5-f333-40f9-a573-2b1af95f6fc6,MW
p91,537b1bb8-e956-4b58-9ec0-7a967260630c,NonMW
p91,252cbc40-5588-4d26-95cb-870b1d56246b,NonMW
p91,733d93ce-a9c0-4f5c-883d-bc5bc869d267,NonMW
p91,134733ce-0bd9-4c49-a3d2-35967bffa314,MW
p91,3cfd732e-26a8-484a-a604-e0a1a025df64,NonMW
p91,56b77b03-ec0a-44fe-b455-080c0ddb6e03,NonMW
p91,bc704386-d39a-45b5-91ad-b895c534eb32,NonMW
p91,f6b50897-3f08-4c9b-ac95-f51494282a83,NonMW
p91,a133a1b9-170f-4b89-89fa-d03e1353e7be,MW
p91,2ca04ce5-ac7b-4fce-8210-e0e45e8b6c1e,NonMW
p91,c4917a42-03bd-4c08-84ac-8bb6f377000d,MW
p93,91e55f05-3a88-44de-a93b-685ca68ada93,MW
p93,4a39d211-9901-4033-a90f-b989073a1f14,NonMW
p93,f98dc038-d0ac-4f09-ad63-03783c1a4431,MW
p93,f1ab9985-4c32-4e3e-a962-92a5dc5dcf8b,NonMW
p93,45abdb36-c6bd-405f-9e18-f6db5cf7d17b,NonMW
p93,992b5c31-55ac-4e00-88f1-12374ecf82b3,NonMW
p93,a553a4b9-a446-44f3-9503-03e5c21ce656,NonMW
p93,93b38a29-edc4-4ed2-b7cf-909080138995,NonMW
p93,1fd4a25e-78cd-4896-9d29-0c43a42328f4,MW
p93,c53e967e-b662-4150-aa98-df5c0b3f8b9f,NonMW
p93,1d3cee2b-78d8-4881-9ce5-34d7449099c7,NonMW
p94,22aa2d53-494f-4ea7-a91b-d9e1fa0d5ded,MW
p94,76381cc6-a92c-4ec7-a53c-aa33fcd96692,NonMW
p94,af8ad012-a479-4680-9dab-61f6b43e0b56,NonMW
p94,4eb6e9e2-eb5f-4093-91b1-3e8e80a22aed,MW
p94,65840c6b-e972-4a21-a62e-ad185597e820,MW
p97,7e67b534-10e8-49e7-9c3d-ee505d541e0c,NonMW
p97,57a7a7a1-41cc-4b08-b30a-27f63603ba7a,MW
p97,42cdc9f5-891f-4895-97a0-66acf5c1b6e8,MW
p97,87e88189-1c64-4558-bf51-62b1f8fdf709,MW
p97,c09dc209-d21b-4e40-99c5-13e1d05c99ba,NonMW
p97,706d4aba-934c-4507-a2da-06f34a90fd51,MW
p97,82032fc1-2c8b-4eb3-b026-3d89ed72c438,NonMW
p97,30d11507-f668-4af3-a835-c5600ec609d5,NonMW
p97,3aa9e15f-17bb-427d-822c-5fecd1495899,MW
p97,f9f2a544-e016-4a0b-81bb-0c482685afca,NonMW
p97,e4ca8e2a-8168-4cb4-8baa-c01c35700926,MW
p97,84c63ac8-3ac5-41a8-bba4-a72ed76a8771,NonMW
p97,721c5bbb-18b7-48cd-a7e0-ec513fe1a4b7,NonMW
p97,8db5a9ab-154e-464b-a25e-73d2d339bcfa,MW
p97,c83c00a1-4787-4988-92a1-3681c84553b5,NonMW
